OBJECTID,Corridor,Station,ProjectName,ProjectAddress,Status,ProjectType,LandUse,ResidentialUnits,AffordableUnits,HotelRooms,WalkDistance,EstimtatedCost,Completed,Developer,PublicFacing,Notes,ImageURL,OfficeSqFeet,RetailSqFeet,NonResSF,DateCompleted,Parking,SecCorridor,ShapeSTArea,ShapeSTLength
1,BL,NBN,Mac's Speedshop,2511 South Bv,Complete,ADR,RET,0,0.0,0.0,0.4,800000.0,2007.0,HJF,Yes,,,0.0,3526.0,0.0,,,,18546.2340291904,573.667958443602
4,BLE,36,NODA 40,N. Brevard Street,Complete,NEWC,MTF,40,0.0,0.0,0.5,9000000.0,2020.0,Gateway Communities,Yes,,,0.0,0.0,0.0,,,,29270.4626693326,1175.77863558984
5,BL,BKV,Ally Charlotte Center,601 S Tryon St,Complete,NEWC,MIXU,0,0.0,0.0,0.16,0.0,2021.0,Crescent Communities,Yes,,,787753.0,27439.0,815192.0,2021/05/01 00:00:00+00,10000.0,,128995.134525099,1576.74731757429
6,BL,CAR,Dowd YMCA Expansion,400 E Morehead St,Complete,RENOA,INS,0,0.0,0.0,0.16,20000000.0,2018.0, ,Yes,,,0.0,0.0,51000.0,,256.0,,192451.054551211,1735.98378808299
7,BL,SCB,4001 Yancey,4001 Yancey Rd,Complete,ADR,MIXU,0,0.0,0.0,0.29,16500000.0,2019.0,White Point Partners,Yes,,,46100.0,27200.0,62018.0,2019/01/31 00:00:00+00,205.0,,219447.805284923,1985.98417259221
8,BL,BKV,615 South College,615 S College St,Complete,NEWC,OFF,0,0.0,0.0,0.05,16260600.0,2017.0,Portman Holdings,Yes,,,345000.0,0.0,345000.0,,10000.0,,40067.8428685724,874.775844573595
9,BLE,9,SkyHouse II,600 N Church St,Complete,NEWC,MIXU,336,0.0,0.0,0.22,63000000.0,2017.0,Novare,Yes,,,0.0,7100.0,0.0,,945.0,,29128.6344966509,731.988714678963
10,BL,NBN,FMK Architects,123 New Bern St,Complete,ADR,OFF,0,0.0,0.0,0.05,600000.0,2008.0,FMK,Yes,,,8445.0,0.0,8445.0,,,,29472.8291621074,850.347357590159
11,BL,BLD,1320 S Church,1320 S Church St,Complete,ADR,RET,0,0.0,0.0,,0.0,2016.0, ,Yes,,,0.0,5828.0,0.0,,26.0,,12779.6094630216,453.601279878335
12,BL,SCB,Rugby Athletic Center,3722 S Tryon St,Complete,ADR,RET,0,0.0,0.0,0.5,1000000.0,2016.0, ,Yes,,,0.0,25000.0,25000.0,,,,549442.660819048,3702.66361955767
13,BL,OLDC,Eastway Regional Recreation Center,423 eastway Drive,Complete,NEWC,REC,0,0.0,0.0,1.0,0.0,2019.0,Mecklenburg County,Yes,,,0.0,0.0,88149.0,,,,3994691.56453955,11183.440415246
14,BL,BLD,1616 Center,1616 Camden Dr,Complete,NEWC,MIXU,0,0.0,0.0,0.18,40000000.0,2016.0,Centro Cityworks,Yes,,,67109.0,14339.0,81448.0,2016/08/02 00:00:00+00,216.0,,40256.1920810086,812.524365834427
15,BL,SCB,4125 Yancey,4125 Yancey Rd,Complete,ADR,RET,0,0.0,0.0,0.5,,2017.0, ,Yes,,,0.0,17455.0,17455.0,,76.0,,50679.1472700045,952.261124831176
16,GL,CTC,Marriott Springhill Suites,301 E 5th St,Complete,NEWC,HOS,0,0.0,195.0,0.13,17500000.0,2017.0,"SREE Charlotte Uptown Hotel, LLC",Yes,,,0.0,0.0,0.0,,96.0,,22400.4745858293,738.193253654984
17,BL,EAWT,The Abbott: Professional Town Homes,1901 Abbott St,Complete,NEWC,TWHM,16,0.0,0.0,0.25,4500000.0,2008.0,MECA,Yes,,,0.0,0.0,0.0,,,,41194.5936100924,995.41576005204
18,BL,BLD,District Flats,1449 S Church St,Complete,NEWC,MIXU,197,0.0,0.0,0.19,28500000.0,2016.0,Faison Properties,Yes,,,1800.0,770.0,2570.0,2016/08/02 00:00:00+00,79.0,,76303.8553164077,1110.49220524824
19,GL,Phase 2 - Central,Ascent Uptown Apartments,225 S Poplar St,Complete,NEWC,MIXU,314,0.0,0.0,0.2,62000000.0,2017.0,Greystar,Yes,,,0.0,4428.0,4428.0,,391.0,,26697.4444102717,661.911979199801
20,BL,BLD,Seoul Food Meat Company,1400 S Church St,Complete,ADR,RET,0,0.0,0.0,0.35,0.0,2016.0, ,Yes,,,0.0,8156.0,0.0,,33.0,,38152.5140127742,806.382030083558
21,BL,BLD,1440 S Tryon,1440 S Tryon St,Complete,ADR,MIXU,0,0.0,0.0,0.1,2800000.0,2006.0,Browder,Yes,,,6489.0,18170.0,24659.0,,34.0,,28513.3750307991,860.300503745067
22,BL,BLD,DFA Regional HQ,1500 Camden Rd,Complete,NEWC,MIXU,0,0.0,0.0,0.05,105000000.0,2019.0,Dimensional Fund Advisors,Yes,,,253963.0,15578.0,269541.0,2019/04/23 00:00:00+00,680.0,,99171.3145650349,1444.56758084922
24,BLE,University City Blvd,Zaxby's,7051 University City Blvd,Complete,NEWC,RET,0,0.0,0.0,0.4,570000.0,2014.0, ,Yes,,,0.0,3847.0,3847.0,,,,54834.7320308964,963.031098324153
25,GL,Phase 2 - Central,300 South Tryon,300 S Tryon St,Complete,NEWC,MIXU,0,0.0,217.0,0.2,330000000.0,2016.0,Spectrum,Yes,,,416000.0,22000.0,638000.0,,408.0,,67710.1847309465,1130.82286381714
26,BL,BLD,Charlotte Housing Authority,1301 South Bv,Complete,ADR,MTF,170,170.0,0.0,0.18,12000000.0,2013.0,Charlotte Housing Authority,Yes,,,0.0,0.0,0.0,,131.0,,22444.7547572306,653.333463963516
27,BL,SCB,QuickTrip,3400 South Blvd,Complete,NEWC,RET,0,0.0,0.0,0.3,0.0,2016.0, ,Yes,,,0.0,5800.0,5800.0,,,,96769.80351511,1402.85327384357
28,GL,Phase 2 - Eastern,1305 Central,1305 Central Av,Complete,NEWC,MTF,246,0.0,0.0,0.2,55000000.0,2017.0,TriBridge,Yes,,,0.0,0.0,0.0,,420.0,,168695.952761713,1845.1864165896
30,BL,CAR,Flores and Associates Office Bldg Ph2,1202 S Church St,Complete,NEWC,OFF,0,0.0,0.0,0.35,1500000.0,2014.0, ,Yes,,,6573.0,0.0,6573.0,,49.0,,7977.5590747423,378.504797269131
31,BL,CAR,Loft 135,135 W Morehead,Complete,NEWC,MTF,298,0.0,0.0,0.26,32400000.0,2016.0,NRP Group,Yes,,,0.0,0.0,0.0,,399.0,,106291.317716356,1412.96574950334
32,BLE,JWC,Walden Station,324 Walden Station Dr,Complete,NEWC,MTF,96,0.0,0.0,0.4,9578000.0,2012.0, ,Yes,,,0.0,0.0,0.0,,,,254961.780170465,2598.76997451857
33,BL,CAR,Royal Court,701 Royal Ct,Complete,NEWC,MTF,107,0.0,0.0,0.5,26600000.0,2009.0, ,Yes,,,0.0,0.0,,,,,35431.6406991845,768.687000097339
34,BL,NBN,Lennar Multi-Family,2820 South Bv,Complete,NEWC,MIXU,432,0.0,0.0,0.02,87000000.0,2018.0,Lennar,Yes,,,0.0,27387.0,0.0,,804.0,,203248.69065537,1869.90745662798
35,BL,EAWT,Camden Office Building,1710 Camden Rd,Complete,ADR,RET,0,0.0,0.0,0.1,0.0,2020.0,Camden Living,Yes,,,5435.0,0.0,5435.0,,,,6639.91062360358,364.91689118229
36,BL,EAWT,1927 South Tryon,1927 S Tryon St,Complete,NEWC,OFF,0,0.0,0.0,0.38,13800000.0,2008.0,Merrifield Partners,Yes,,,71500.0,0.0,71500.0,,,,73397.4890862959,1082.51607151449
37,BL,BLD,South End Showplace,1514 S Church St,Complete,NEWC,MIXU,0,0.0,0.0,0.23,1800000.0,2006.0,Boulevard,Yes,,,11222.0,0.0,11222.0,,,,21419.6049297253,596.80628083861
38,BL,CAR,1225 South Church,1303 S Church St,Complete,NEWC,MIXU,196,0.0,0.0,0.34,22700000.0,2010.0,Ryan Homes,Yes,,,0.0,3200.0,0.0,,488.0,,106833.984515826,1364.67453513328
39,BL,CAR,1225 South Church - Phase 2,1303 S Church St,Complete,NEWC,MTF,210,0.0,0.0,0.27,22700000.0,2013.0,Ryan Homes,Yes,,,0.0,0.0,0.0,,,,106365.227203809,1394.50516703884
40,GL,Phase 1,Embassy Suites,401 E Martin Luther King Jr Bv,Complete,NEWC,HOS,0,0.0,250.0,0.24,54000000.0,2017.0, ,Yes,,,0.0,0.0,0.0,,125.0,,49130.6899039948,977.948768434336
41,BL,BLD,The Wedge,1515 Camden Rd,Complete,ADR,RET,0,0.0,0.0,0.0,,2020.0,Asana Partners,Yes,,,0.0,12052.0,12052.0,2020/02/14 00:00:00+00,23.0,,33513.5765786572,1000.96822721087
42,BL,EAWT,Tremont Place Condos,2000 Euclid Av,Complete,NEWC,TWHM,12,0.0,0.0,0.41,3000000.0,2006.0, ,Yes,,,0.0,0.0,0.0,,,,23472.8619063802,613.121542703888
43,GL,CTC,Hyatt Place / Skye Condos,222 S Caldwell St,Complete,NEWC,MIXU,69,0.0,172.0,0.2,49700000.0,2013.0,Small Brothers,Yes,,,0.0,0.0,0.0,,187.0,,35600.2650841017,869.531663916279
44,BL,CAR,Midnight Diner,1117 S Tryon,Complete,NEWC,RET,0,0.0,0.0,0.1,780000.0,2010.0, ,Yes,,,0.0,2964.0,0.0,,9.0,,12577.3011233318,569.09732350249
45,BL,EAWT,2100 S Tryon,2100 S Tryon St.,Complete,NEWC,MIXU,0,0.0,0.0,0.5,20000000.0,2022.0,Vision Ventures,Yes,,,80330.0,2000.0,82330.0,,212.0,,126292.100872144,1878.69517014173
46,BL,EAWT,Atherton Mill Redevelopment,2000 South Bv,Complete,NEWC,MIXU,353,0.0,0.0,0.28,100000000.0,2018.0,Crescent Communities,Yes,,,0.0,60198.0,60198.0,,25.0,,194399.845389202,2167.69745322407
47,BL,NBN,Dunavant Place,2418 Dunavant St,Complete,NEWC,TWHM,20,0.0,0.0,0.48,4000000.0,2020.0,Revolve Residential,Yes,,,0.0,0.0,0.0,,34.0,,24220.5026877988,662.52919971756
48,BL,EAWT,The Tremont,301 E Tremont Av,Complete,NEWC,MTF,50,0.0,0.0,0.3,10200000.0,2008.0,Merrifield Partners,Yes,,,0.0,0.0,0.0,,,,32452.8836072818,797.421472665532
49,BL,EAWT,Chipotle,2109 South Blvd,Complete,NEWC,RET,0,0.0,0.0,0.35,1300000.0,2007.0, ,Yes,,,0.0,1815.0,0.0,,,,20428.4744636204,583.951290970267
50,BL,BKV,Fountains Uptown,901 E Stonewall St,Complete,NEWC,MTF,230,0.0,0.0,0.5,23383937.0,2016.0,Profitt Dixon,Yes,,,0.0,0.0,0.0,2016/08/02 00:00:00+00,294.0,,95905.2079861604,1620.80741607251
51,BL,ARWW,Hadley Townhomes,9300 Ainslie Downs St,Complete,NEWC,TWHM,239,0.0,0.0,0.29,70000000.0,0.0, ,Yes,,,0.0,0.0,0.0,,401.0,,1211977.86560296,5889.01012505721
52,BL,NBN,Woodfield Silos - Phase 2,137 Remount Rd,Complete,NEWC,MTF,107,0.0,0.0,0.24,15000000.0,2016.0,Woodfield,Yes,,,0.0,0.0,0.0,,155.0,,119183.06957398,1590.92906449386
53,BLE,36,Yards @ NODA,401 E 33rd St,Complete,NEWC,MTF,342,0.0,0.0,0.45,37000000.0,2015.0,Gvest Partners,Yes,,,0.0,0.0,0.0,,496.0,,454540.28052718,3446.10919283572
54,BL,EAWT,Lofts Dilworth,2068 Euclid Av,Complete,NEWC,MTF,30,0.0,0.0,0.44,4900000.0,2007.0,Blue Sky,Yes,,,0.0,0.0,0.0,,,,20172.4238737452,580.070341475134
55,BLE,9,Alpha Mill Phase II,915 N Caldwell St,Complete,NEWC,MTF,100,0.0,0.0,0.32,20000000.0,2014.0,Northwood Ravin,Yes,,,0.0,0.0,0.0,,100.0,,87231.5243457325,1160.95614338538
56,BL,BLD,Park and Kingston Apartments,121 W Park Ave,Complete,NEWC,MTF,153,0.0,0.0,0.18,26000000.0,2014.0,Park Kingston Investors,Yes,,,0.0,0.0,0.0,,153.0,,76930.1565928044,1540.39390509944
58,BL,CAR,Camden Grandview,921 Camden Grandview Rd,Complete,NEWC,TWHM,28,0.0,0.0,0.28,0.0,2018.0,Camden Living,Yes,,,0.0,0.0,0.0,,12.0,,89052.4446936224,1448.70755371536
59,GL,Phase 2 - Eastern,7th Street @ Caswell,1940 E 7th St,Complete,NEWC,MIXU,0,0.0,0.0,0.3,41000000.0,2021.0, Faison,Yes,,,80000.0,23000.0,103000.0,,359.0,,72347.332906175,1161.68343663053
60,BL,NBN,Woodfield Silos,121 Lancaster St,Complete,NEWC,MTF,277,0.0,0.0,0.23,30000000.0,2013.0,"WF Silos, LLC",Yes,,,0.0,0.0,0.0,,361.0,,381960.233323278,2544.80708455339
61,BL,NBN,2322 Dunavant St Renovation,2322 Dunavant St,Complete,ADR,MIXU,0,0.0,0.0,0.5,0.0,0.0,Argos Advisors,Yes,,,8000.0,8000.0,8000.0,,21.0,,35632.6078229508,766.461981339457
63,BL,EAWT,Helix Southend,2000 Hawkins St,Complete,NEWC,TWHM,29,0.0,0.0,0.21,4477171.0,2017.0, ,Yes,,,0.0,0.0,0.0,,47.0,,49573.1143156095,1006.11409180122
65,GL,Phase 2 - Central,Grand Bohemian Hotel,201 W Trade St,Complete,NEWC,HOS,0,0.0,254.0,0.14,,2018.0, ,Yes,,,0.0,0.0,0.0,,,,25655.5545138821,646.712479759398
66,BLE,36,Studio 6,2724 N Davidson St,Complete,NEWC,RES,6,,,0.5,1000000.0,2013.0, ,Yes,,,0.0,0.0,0.0,,,,15425.4321489334,499.322349401581
67,BLE,36,Stonehenge NoDa,308 E Craighead Street,Complete,NEWC,MTF,300,0.0,0.0,0.5,64500000.0,2019.0,Philamon NODA Partners,Yes,,,0.0,0.0,0.0,,402.0,,431286.36249726,3125.74387166664
68,BL,NBN,Southpoint at South End,2821 Youngblood St,Complete,NEWC,TWHM,53,0.0,0.0,0.3,4626346.0,2017.0,Hopper Communities,Yes,,,0.0,0.0,0.0,,106.0,,139863.724959787,2003.37497506528
69,BL,NBN,Colonial Reserve at South End,2800 South Bv,Complete,NEWC,MTF,300,0.0,0.0,0.14,60000000.0,2013.0,Colonial,Yes,,,0.0,0.0,0.0,,,,185903.583113488,1843.9738300981
70,BL,EAWT,Pins Mechanical,307 W Tremont Ave,Complete,ADR,MIXU,0,0.0,0.0,0.4,,2021.0,Asana Partners,Yes,,,26463.0,19146.0,45109.0,,90.0,,146500.965859635,1547.20500417489
72,BL,BLD,Park and Kingston Apartments Phase 2,127 W Park Av,Complete,NEWC,MTF,15,0.0,0.0,0.2,2700000.0,2014.0,MPV Real Estate,Yes,,,0.0,0.0,0.0,2016/08/02 00:00:00+00,15.0,,7628.96062579823,371.638135421505
73,GL,Phase 2 - Eastern,Midwood Square,1804 Sunnyside Av,Complete,NEWC,TWHM,35,0.0,0.0,,6500000.0,2017.0,Pulte,Yes,,,0.0,0.0,0.0,,68.0,,126763.503856055,1835.27023782695
74,BL,EAWT,Kingston Hotel,Tryon St,Complete,NEWC,MIXU,0,0.0,123.0,0.19,0.0,2018.0, ,Yes,,,0.0,5600.0,0.0,,,,38276.3684564398,847.138998698666
75,BL,BLD,Kee Court Townhomes,1508 Kee Ct,Complete,NEWC,TWHM,36,0.0,0.0,0.18,0.0,2019.0,Cousins,Yes,,,0.0,0.0,0.0,2019/04/16 00:00:00+00,58.0,,74079.8977020732,1193.10187185584
77,BL,NBN,Junction 1504,2235 Hawkins St,Complete,NEWC,MTF,281,0.0,0.0,0.44,32000000.0,2013.0,"Cherokee Southline, LLC",Yes,,,0.0,0.0,0.0,,,,502633.322381593,3999.33756149188
78,BLE,36,Crescent @ NODA,400 E 36th St,Complete,NEWC,MIXU,345,0.0,0.0,0.01,69000000.0,2017.0,Crescent Communities,Yes,,,0.0,7616.0,7616.0,2017/03/28 00:00:00+00,451.0,,263506.004188892,2653.81157200846
79,GL,Phase 2 - Central,The Mint,427 W Trade St,Complete,NEWC,MIXU,177,0.0,0.0,0.1,36000000.0,2016.0,Spectrum,Yes,,,0.0,2300.0,2300.0,,231.0,,62888.9329931793,1164.9317627063
80,BL,EAWT,Tremont Multi-Family,337 W Tremont Av,Complete,NEWC,MIXU,351,0.0,0.0,0.42,70000000.0,2018.0, ,Yes,,,0.0,2500.0,0.0,,461.0,,187304.517946718,1776.04652335351
81,BL,NBN,Fountains Southend,100 New Bern St,Complete,NEWC,MTF,208,0.0,0.0,0.05,26200000.0,2013.0,Proffitt Dixon,Yes,,,0.0,0.0,0.0,,,,182355.825155018,1788.95743667445
82,BL,BLD,Church Street Condos,1530 S Church St,Complete,NEWC,TWHM,24,,0.0,0.25,5200000.0,2008.0,Boulevard,Yes,,,0.0,0.0,0.0,,,,59452.69813101,1097.14461901297
83,GL,Phase 2 - Eastern,The Gibson,1000 Central Av,Complete,NEWC,MTF,250,0.0,0.0,,27780390.0,2017.0, ,Yes,,,0.0,0.0,0.0,,343.0,,106157.546168797,1436.6038188124
84,BL,NBN,3030 South,3030 South Bv,Complete,NEWC,TWHM,97,0.0,0.0,0.1,16800000.0,2006.0,Heath Partners,Yes,,,0.0,0.0,0.0,,208.0,,165485.529663727,1723.06233007527
85,BL,BLD,Rail Yard,1408 S TRYON ST,Complete,NEWC,MIXU,84,0.0,0.0,0.1,0.0,2020.0,Beacon Partners,Yes,,,292933.0,45620.0,338553.0,2020/02/14 00:00:00+00,900.0,,153205.235226057,1581.50013521656
86,BL,EAWT,2173 Hawkins St Renovation,2173 Hawkins St,Complete,ADR,MIXU,0,0.0,0.0,0.36,0.0,2015.0,Argos Advisors,Yes,,,17000.0,4000.0,17000.0,,64.0,,74346.9414185975,1249.18349263893
87,BLE,TMH,Blu Apartments,6801 N Tryon St,Complete,NEWC,MTF,376,0.0,0.0,0.3,5090638.0,2017.0,"Carolina States Regional Center, LLC",Yes,,,0.0,0.0,0.0,,,,670275.513416422,3641.48850719007
88,GL,Phase 2 - Central,Gateway Village Apartments,1000 W Trade St,Complete,NEWC,MTF,300,0.0,0.0,0.05,60000.0,2016.0,Dominion Realty Partners,Yes,,,0.0,0.0,0.0,,,,147411.005940477,1540.71594974768
89,BL,BLD,Summit Av Office Bldg,230 W Summit Av,Complete,NEWC,OFF,0,0.0,0.0,0.3,0.0,2019.0,Stiles,Yes,,,63894.0,0.0,63894.0,2019/04/16 00:00:00+00,189.0,,35269.7949074219,782.228672337706
90,BL,NBN,Solis Southline,2508 South Blvd,Complete,NEWC,MIXU,300,0.0,0.0,0.27,0.0,0.0,Terwilliger Pappas,Yes,,,10667.0,4106.0,14773.0,,411.0,,155375.611829441,1563.65790632247
91,BLE,25,2100 N. Davidson,2100 N. Davidson St,Complete,ADR,MIXU,0,0.0,0.0,0.25,0.0,0.0,Lat Purser & Associates,Yes,,,0.0,21000.0,21000.0,,44.0,,49841.3879897642,897.748227246133
94,BL,EAWT,The Cottages on Euclid,2028 Euclid Av,Complete,NEWC,TWHM,18,0.0,0.0,0.42,0.0,2014.0, ,Yes,,,0.0,0.0,0.0,,,,43128.9694080779,867.874819500141
95,BL,NBN,Chick-Fil-A,3013 South Bv,Complete,NEWC,RET,0,0.0,0.0,0.18,1800000.0,2008.0, ,Yes,,,0.0,4561.0,0.0,,,,53151.9028972819,939.197915883816
96,BL,CAR,Flores and Associates Office Bldg,1218 S Church,Complete,NEWC,OFF,0,0.0,0.0,0.35,4700000.0,2010.0, ,Yes,,,35911.0,0.0,35911.0,,26.0,,40404.5062097443,894.562721651188
97,BL,WDL,4651 South Boulevard,4651 South Bv,Complete,NEWC,RET,0,0.0,0.0,0.4,1400000.0,2008.0, ,Yes,,,0.0,4945.0,0.0,,,,28575.401157665,706.823528012738
99,BL,BKV,Montage,650 E. Stonewall St.,Complete,NEWC,MIXU,302,0.0,0.0,0.28,61000000.0,2019.0,Profitt Dixon,Yes,,,0.0,18000.0,18000.0,2019/01/31 00:00:00+00,450.0,,109537.105623535,1355.88906025679
100,BL,CAR,Central Living at Carson,1125 S Tryon,Complete,NEWC,TWHM,11,0.0,0.0,0.1,3000000.0,2017.0,David Weekly Homes,Yes,,,0.0,0.0,0.0,,9.0,,26116.1632764336,874.899706730528
101,BL,BLD,Alliance Morehead,1000 S Tryon St,Complete,NEWC,MIXU,250,0.0,0.0,0.2,0.0,2018.0,Trinity Capital,Yes,,,0.0,6050.0,0.0,,,,82250.1582625211,1270.26382072604
102,BL,NBN,Bainbridge Southend,2700 South Bv,Complete,NEWC,MIXU,200,0.0,0.0,0.23,45000000.0,2018.0,Bainbridge,Yes,,,15000.0,0.0,15000.0,,219.0,,58302.5404382571,1002.9772317358
103,BL,BLD,Charlotte Trolley Museum,1507 Camden Rd,Complete,NEWC,PUB,0,0.0,0.0,0.02,700000.0,2006.0,CTI/City,Yes,,,5952.0,0.0,5952.0,,,,11343.3212478972,496.329908127942
104,BL,EAWT,Camden Square Village West,1910 Abbott St,Complete,NEWC,OFF,0,0.0,0.0,0.3,10300000.0,2005.0,MECA,Yes,,,56747.0,0.0,0.0,,,,113343.815917632,1470.61934052719
105,Streetcar,Phase 1,233 S Kings Retail,233 S Kings Dr,Complete,NEWC,RET,0,0.0,0.0,0.3,,2011.0, ,Yes,,,0.0,8500.0,8500.0,,,,51121.2686353745,886.420325709422
106,BL,EAWT,Wilmore Walk,430 W Worthington Av,Complete,NEWC,TWHM,46,0.0,0.0,0.39,6800000.0,2005.0,Boulevard Company,Yes,,,0.0,0.0,0.0,,,,147875.854263483,1571.96360929237
107,BLE,25,Lofts at 25th and Brevard,2400 N Brevard St,Complete,NEWC,MTF,260,0.0,0.0,0.05,0.0,2018.0,Wood Partners,Yes,,,0.0,0.0,0.0,,,,148005.396520285,1684.61353396993
108,BLE,36,Highland Park Townhomes,3017 N. Davidson Street,Complete,NEWC,TWHM,18,0.0,0.0,0.36,3600000.0,2020.0,Saussy Burbank,Yes,,,0.0,0.0,0.0,,66.0,,35679.0142681516,1039.91012689492
109,BL,BLD,Wooden Robot Brewery,1440 S Tryon St,Complete,ADR,RET,0,0.0,0.0,0.12,1000000.0,2016.0,Browder Investments,Yes,,,0.0,5330.0,0.0,,,,8475.9926182569,372.253006146321
110,BLE,JWC,Mallard Pointe Retail,9335 N Tryon St,Complete,NEWC,RET,0,0.0,0.0,0.18,1432300.0,2012.0, ,Yes,,,0.0,8032.0,8032.0,,,,36962.3542198781,771.353752487502
111,BL,EAWT,1815 S Tryon,1815 S Tryon St,Complete,NEWC,OFF,0,0.0,0.0,0.27,1500000.0,2005.0, ,Yes,,,11223.0,0.0,11223.0,,,,24384.127540439,641.789503272344
112,BL,BLD,Catherine St Apts,101 W Catherine St,Complete,NEWC,MTF,36,0.0,0.0,0.27,5000000.0,2014.0, ,Yes,,,0.0,0.0,0.0,,32.0,,14808.4902445974,497.12431676075
113,BLE,36,NoDa Brewery,2921 N Tryon St,Complete,ADR,RET,0,,,0.5,0.0,2015.0,NoDa Brewing,Yes,,,0.0,32413.0,0.0,,,,167406.285483468,1646.87603114375
114,BL,EAWT,Publix Southend,2222 South Blvd,Complete,NEWC,RET,0,0.0,0.0,0.42,20200000.0,2015.0,"South End Partners, LLC",Yes,,,0.0,68018.0,194776.0,,273.0,,157795.603452632,1702.40851977859
116,BLE,PKW,Optimist Hall,340 E 16th St,Complete,ADR,MIXU,0,0.0,0.0,0.3,40000000.0,2019.0,Whitepoint Partners,Yes,Testing Notes,,0.0,0.0,0.0,,195.0,,451400.474080466,3855.37028332316
117,BL,EAWT,224 West Tremont Ave,224 W Tremont Av,Complete,ADR,,0,0.0,0.0,0.27,0.0,2021.0,Boulevard,Yes,,,22100.0,0.0,22100.0,,27.0,,32176.4883431133,730.288444156771
118,BLE,PKW,Optimist Hall Phase 2,340 E. 16th St,Complete,ADD,PKD,0,0.0,0.0,0.3,2000000.0,2019.0,Whitepoint Partners,Yes,,,0.0,0.0,0.0,,,,135363.83063346,2408.20655199093
120,BL,NBN,Ideal Way Townhomes,301 Ideal Way,Complete,NEWC,TWHM,21,0.0,0.0,0.48,1985713.0,2017.0,"Weekly Homes, LP",Yes,,,0.0,0.0,0.0,,,,45004.149528106,870.564844469206
121,BL,TYV,Panda Express,101 Seneca Pl,Complete,NEWC,RET,0,0.0,0.0,0.4,700000.0,2007.0, ,Yes,,,0.0,2213.0,0.0,,,,21672.4769327233,588.608295250205
122,BL,CAR,500 East Morehead Office,500 E Morehead St,Complete,NEWC,MIXU,0,0.0,0.0,0.28,268323000.0,2017.0,Beacon Partners,Yes,,,170800.0,17479.0,0.0,,645.0,,104152.175725454,1525.44573623282
123,BL,EAWT,Dilworth Terrace,315 E Tremont Av,Complete,NEWC,MTF,12,0.0,0.0,0.32,2216800.0,2014.0,New Carolina Income Properties,Yes,,,0.0,0.0,0.0,,,,14834.3057325688,499.195838974229
124,BLE,36,Highland Mill Townhomes,2801 N. Brevard Street,Complete,NEWC,TWHM,15,0.0,0.0,0.4,3000000.0,2018.0,Saussy Burbank,Yes,,,0.0,0.0,0.0,,,,26161.7405539142,785.78166887086
125,BL,EAWT,Camden Southline,2300 South Blvd,Complete,NEWC,MTF,266,0.0,0.0,0.5,35000000.0,2015.0,"Camden Development, Inc.",Yes,,,0.0,0.0,0.0,,418.0,,149777.352479935,1632.20504315895
126,BL,EAWT,Lowes,217 Iverson Wy,Complete,NEWC,RET,0,0.0,0.0,0.49,18900000.0,2008.0,Lowes Home Improvement,Yes,,,0.0,148524.0,148524.0,,,,363307.261182668,2598.80908912675
127,BL,ARWW,6801 South Boulevard,6801 South Bv,Complete,NEWC,RET,0,0.0,0.0,0.4,3500000.0,2008.0, ,Yes,,,0.0,20520.0,20520.0,,,,115873.447824136,1471.96534212091
128,BL,BKV,Novel Stonewall Station,400 E. Stonewall St,Complete,NEWC,MIXU,421,0.0,0.0,0.2,0.0,2020.0,Northwood Ravin,Yes,,,11000.0,6630.0,11000.0,2020/02/12 00:00:00+00,585.0,,163893.181932399,1678.68920774304
129,BL,CAR,1100 Euclid Av,1100 Euclid Av,Complete,NEWC,MTF,234,0.0,0.0,0.28,20000000.0,2017.0,Marsh Realty Co,Yes,,,0.0,0.0,,,240.0,,130787.53428016,1457.67106507266
130,BL,CAR,Duke Endowment,800 E Morehead St,Complete,NEWC,OFF,0,0.0,0.0,0.52,22000000.0,2014.0, ,Yes,,,46075.0,0.0,126345.0,,158.0,,76932.6892606141,1199.30167463152
131,BL,NBN,Mac's Speedshop Addition,2511 South Bv,Complete,ADD,RET,0,0.0,0.0,0.4,0.0,2016.0,HJF,Yes,,,0.0,1200.0,1200.0,,,,6357.31289194774,326.231385108114
132,BL,EAWT,217 E Tremont,217 E Tremont Av,Complete,NEWC,OFF,0,0.0,0.0,0.24,1600000.0,2009.0,Catelus,Yes,,,5040.0,0.0,5040.0,,,,7607.12344280602,398.650940959565
133,GL,CTC,Epicenter Hotel,210 E Trade St,Complete,NEWC,HOS,0,0.0,292.0,0.1,0.0,2019.0,McKibbon Hotel Group,Yes,,,0.0,0.0,0.0,,1042.0,,18554.4381999174,579.357295295746
134,BL,EAWT,Design Center of the Carolinas redevelopment,1930 Camden Rd,Complete,ADR,RET,0,0.0,0.0,0.09,,2020.0,Asana Partners,Yes,,,0.0,100000.0,100000.0,,,,173596.802347574,1722.86042605182
135,BL,BLD,Mosaic South End,1321 S Tryon St,Complete,NEWC,MTF,269,0.0,0.0,0.14,40000000.0,2010.0,Dinerstein,Yes,,,0.0,0.0,0.0,,348.0,,126807.916024761,1783.89109078627
136,BLE,25,Chadborne Mills Office,500 Charles Ave,Complete,ADR,OFF,0,0.0,0.0,0.25,15000000.0,2021.0,White Point Partners,Yes,40000 sf commercial,,42507.0,0.0,42507.0,,121.0,,110286.429575003,1348.9477939986
137,BL,CAR,700 East Morehead,700 E Morehead St,Complete,NEWC,OFF,0,0.0,0.0,0.5,7500000.0,2009.0, ,Yes,,,38688.0,0.0,81882.0,,118.0,,20672.1325573536,608.276341757038
138,BL,BLD,Southend Towns,1503 Camden Rd,Complete,NEWC,TWHM,9,0.0,0.0,0.02,1800000.0,2010.0,Boulevard,Yes,,,0.0,0.0,0.0,,9.0,,10206.2962950385,474.340322578418
139,BL,BLD,Post South End,1424 South Bv,Complete,NEWC,MIXU,360,0.0,0.0,0.01,74000000.0,2009.0,Cresent Resources,Yes,,,0.0,8217.0,0.0,,738.0,,217781.687505801,1980.65107523881
140,Streetcar,Phase 1,Midtown 205,201 S Kings Dr,Complete,NEWC,MIXU,261,0.0,0.0,0.25,45000000.0,2016.0, ,Yes,,,0.0,8642.0,8642.0,,374.0,,110418.779711198,1811.77839470264
141,BL,EAWT,Dilworth Court Townhomes,1920 Euclid Av,Complete,NEWC,TWHM,12,0.0,0.0,0.35,42912000.0,2016.0,New Carolina Income Properties,Yes,,,0.0,0.0,0.0,,26.0,,32531.2054696186,801.4322038794
143,BLE,25,Bainbridge NoDa,514 Jordan Pl,Complete,NEWC,MIXU,273,0.0,0.0,0.25,43000000.0,2019.0,Bainbridge,Yes,,,0.0,5015.0,5015.0,,381.0,,136025.822745451,1797.00849855151
144,BL,EAWT,214 W Tremont,214 W Tremont Av,Complete,NEWC,OFF,0,0.0,0.0,0.26,4900000.0,2007.0,Visions Ventures,Yes,,,25668.0,0.0,25668.0,,,,37291.8954431589,809.958220492046
145,BL,CTC,Hyatt House,435 E Trade St,Complete,NEWC,HOS,0,0.0,163.0,0.1,26700000.0,2010.0, ,Yes,,,0.0,0.0,0.0,,,,17941.7136648707,552.062886781447
146,BL,EAWT,Three30Five Apartments,335 Doggett St,Complete,NEWC,MTF,164,0.0,0.0,0.39,25000000.0,2015.0,Boulevard Company,Yes,,,0.0,0.0,0.0,,,,96396.6512092581,1232.49447024042
147,BL,CAR,1031 S Caldwell,1031 S Caldwell,Complete,NEWC,OFF,0,0.0,0.0,0.21,3000000.0,2009.0, ,Yes,,,16604.0,0.0,16604.0,,,,26580.7676530702,654.633228121612
148,BL,EAWT,Camden Gallery,1717 Hawkins St,Complete,NEWC,MIXU,324,0.0,0.0,0.1,60000000.0,2016.0,Centro City Works,Yes,,,0.0,8987.0,0.0,,523.0,,155023.468035399,1666.43584287395
149,BL,BKV,620 S Tryon,620 S. Tryon St,Complete,NEWC,MIXU,0,0.0,0.0,0.2,370000000.0,2019.0,Lincoln Harris,Yes,,,850000.0,26900.0,1072000.0,,,,204936.651521789,2253.51790121974
150,BL,CAR,1100 South,1100 South Blvd,Complete,NEWC,MTF,331,0.0,0.0,0.02,31000000.0,2016.0,"Cambridge Dev Group, LLC",Yes,,,0.0,0.0,0.0,,489.0,,137336.034822718,1568.12782730646
151,BL,NBN,Euclid/Atherton Residential,2401 Euclid Av,Complete,NEWC,RES,62,0.0,0.0,0.5,12000000.0,0.0, ,Yes,,,0.0,0.0,0.0,,,,118500.791035933,1675.36456125816
152,BL,EAWT,Ashton South End,125 W Tremont Av,Complete,NEWC,MTF,312,0.0,0.0,0.17,58000000.0,2008.0,The Hanover Company,Yes,,,0.0,0.0,0.0,,,,115027.639363494,1372.91202516492
153,BL,EAWT,Southborough,300 Magnolia Av,Complete,NEWC,MIXU,58,0.0,0.0,0.5,17500000.0,2009.0,Conformity Corp.,Yes,,,30000.0,7000.0,37000.0,,,,113469.590989796,2866.49252578519
154,GL,Phase 2 - Central,Woodfield Graham Apartments,300 S Graham St,Complete,NEWC,MTF,230,0.0,0.0,0.25,24253832.0,2016.0,Woodfield Investments,Yes,,,0.0,0.0,0.0,,338.0,,89347.5856199227,1227.04936663631
155,BLE,PKW,300 Optimist Park,300 Parkwood Av,Complete,NEWC,MTF,50,0.0,0.0,0.2,55000000.0,2019.0,NRP Group,Yes,Completed 10/2019,,0.0,0.0,0.0,,,,44255.0182523924,987.766070140746
157,BL,I485S,Wendy's,9300 South Bv,Complete,NEWC,RET,0,0.0,0.0,0.15,2000000.0,2006.0, ,Yes,,,0.0,3035.0,3035.0,,,,71381.1106825104,1170.38138170602
158,BL,ARWW,South Oak Crossing,7609 Old Pineville Rd,Complete,NEWC,MTF,192,20.0,0.0,0.4,8500000.0,2007.0,Housing Partnership,Yes,,,0.0,0.0,0.0,,,,428518.296289794,3141.77439125003
159,BL,EAWT,Sycamore Brewing,2161 Hawkins St,Complete,ADR,RET,0,0.0,0.0,0.35,0.0,2014.0,Sycamore Brewing,Yes,,,0.0,7000.0,0.0,,12.0,,67013.8987869569,1109.00544098941
160,BLE,SUG,Steel Gardens Phase 2,859 Academy St,Complete,NEWC,MTF,54,,,0.7,11000000.0,2017.0, ,Yes,,,0.0,0.0,0.0,,152.0,,202212.789113125,1834.52696327512
161,BL,BKV,Mint Museum Apartments,501 S Church St,Complete,ADD,MTF,393,0.0,0.0,0.3,88000000.0,2015.0,Childress Klein,Yes,,,0.0,0.0,0.0,,,,21402.1808620631,585.373483693892
162,GL,Phase 2,500 W Trade,500 W. Trade,Complete,NEWC,MIXU,354,0.0,0.0,0.05,80000000.0,2020.0,Northwood Ravin,Yes,,,0.0,8952.0,8952.0,,411.0,,120125.309243707,1395.00368277396
163,GL,Phase 2 - Central,401 S Graham,401 S. Graham St,Complete,NEWC,MIXU,215,0.0,0.0,0.3,,2019.0,Dominion Realty Partners,Yes,,,186000.0,2160.0,388000.0,,391.0,,29138.391283396,717.144177790131
165,BLE,36,Asana Office,409 E 35th St,Complete,ADR,OFF,0,0.0,0.0,0.16,0.0,2020.0,Asana,Yes,,,20019.0,0.0,20019.0,,23.0,,44529.6102208358,1061.33209584666
166,BL,BLD,Ferguson Showroom,129 Summit Av,Complete,NEWC,RET,0,0.0,0.0,0.13,,2016.0, ,Yes,,,0.0,27900.0,27900.0,,,,57399.6501733745,1051.81995968102
167,BL,BLD,Block at Church Street,1325 S Church St,Complete,NEWC,TWHM,59,0.0,0.0,0.3,16300000.0,2008.0,The Boulevard Company,Yes,,,0.0,0.0,0.0,2008/02/25 00:00:00+00,,,118500.354612886,1435.26463373461
168,BL,BLD,The Packard Bldg,1310 S Tryon St,Complete,ADR,OFF,0,0.0,0.0,0.2,3800000.0,2006.0,John Stamas,Yes,,,21238.0,0.0,21238.0,,,,43032.1001693306,1067.48658576602
169,BLE,MCC,Home2 Suites by Hilton,625 McCullough Dr,Complete,NEWC,HOS,0,0.0,105.0,0.5,8272000.0,2015.0,C.N. Hotels,Yes,,,0.0,0.0,0.0,,,,89388.4808055679,1375.0676818556
170,BL,BLD,Lumina Townhomes,1412 S Church St,Complete,NEWC,TWHM,13,0.0,0.0,0.3,0.0,2016.0,Revolve Residential,Yes,,,0.0,0.0,0.0,2016/08/02 00:00:00+00,26.0,,27315.4533468972,668.021963050516
171,BL,EAWT,The Hub,2115 Dunavant St,Complete,NEWC,MIXU,265,0.0,0.0,0.5,0.0,0.0, ,Yes,,,0.0,22000.0,22000.0,,318.0,,188152.025542809,1909.61786268726
172,BL,NBN,2400 South Bv Mixed Use,2400 South Bv,Complete,NEWC,MIXU,0,0.0,0.0,0.4,4000000.0,2017.0, ,Yes,,,30000.0,6000.0,36000.0,,177.0,,78184.3238375986,1182.93001290016
173,BL,BKV,The Madison,520 Martin Luther King Jr Blvd,Complete,NEWC,MIXU,26,,330.0,0.3,12800000.0,2010.0, ,Yes,,,0.0,0.0,0.0,,,,53425.6762077915,1012.00288272184
174,BLE,SUG,NODA Street Market,3629 N Davidson St,Complete,RENOA,RET,0,0.0,0.0,0.33,,2017.0,Imprint Properties LLC,Yes,,,0.0,28831.0,28831.0,,,,53475.2233955112,984.988971082582
175,BL,CAR,Prichard Lot Parking Deck,500 Lexington Ave,Complete,NEWC,PKD,0,0.0,0.0,0.23,6000000.0,2017.0,Pritchard Memorial Church,Yes,,,0.0,7162.0,108600.0,,384.0,,44664.7777079812,909.003364140487
176,BL,EAWT,Spectrum,2203 Hawkins St,Complete,NEWC,MTF,331,0.0,0.0,0.42,35000000.0,2008.0,Morgan Group,Yes,,,0.0,0.0,0.0,,,,193811.723105249,1750.89213928424
177,BL,TYV,5100 South Blvd Retail,5100 South Blvd,Complete,RENOA,RET,0,0.0,0.0,0.4,0.0,2015.0, ,Yes,,,0.0,14974.0,0.0,,,,86728.6745949132,1276.39681592577
178,BLE,25,NODA @ 27th Apartments,2300 N Davidson St,Complete,NEWCR,MIXU,250,0.0,0.0,0.3,38000000.0,2019.0,RAM Development Company,Yes,,,0.0,19100.0,19100.0,,224.0,,155473.070273085,1574.67249596404
179,BLE,25,Lux NoDa,2712 N. Davidson St.,Complete,NEWC,TWHM,6,6.0,0.0,0.5,1200000.0,2022.0,,Yes,,,0.0,0.0,0.0,,,,17645.8119509548,528.310579555534
181,BLE,PKW,The Joinery,1824 N Brevard St,Complete,NEWC,MTF,52,0.0,0.0,0.16,0.0,2022.0,Spacecraft,Yes,,,0.0,0.0,3022.0,,,,18807.8693850714,567.570478166975
182,BLE,9,Trammell Crow Residential,1009 Belmont Ave,Complete,NEWC,MTF,238,0.0,0.0,0.4,36000000.0,2019.0,Trammell Crow,Yes,,,0.0,0.0,0.0,,318.0,,107327.004740214,1292.91708634448
183,BLE,9,Alta Purl II,1018 Caldwell St,Complete,NEWC,MTF,310,0.0,0.0,0.4,47000000.0,2019.0,Wood Partners,Yes,,,0.0,0.0,0.0,,486.0,,135945.789292687,1466.93526281001
184,BLE,PKW,Optimist Park Townhomes,280 PARKWOOD AV,Complete,NEWC,MTF,59,6.0,0.0,0.0,20000000.0,2019.0,Beauxwright,Yes,,,0.0,0.0,0.0,,,,100717.337548646,1747.26548272998
185,BLE,PKW,Edgeline Flats,1205 N Davidson St,Complete,NEWC,MTF,69,0.0,0.0,0.0,7000000.0,2008.0,759 Ventures,Yes,,,0.0,0.0,0.0,,90.0,,39604.3316513067,873.783829551817
193,BLE,36,Commercial,136 E. 36th St.,Complete,RENOA,RET,0,0.0,0.0,0.2,,2022.0,Aston Properties,Yes,,,0.0,14000.0,14000.0,,,,90316.8522633248,1364.97356257559
194,BLE,36,NoDa Terrace Condos,501 E. 37th St.,Complete,NEWC,RES,8,0.0,0.0,0.3,1800000.0,2022.0,,Yes,,,0.0,0.0,0.0,,,,10162.0664313161,464.640479071373
198,BLE,MCC,Verde McCullough,8320 UNIVERSITY EXECUTIVE PARK DR,Complete,NEWC,MTF,278,0.0,0.0,0.05,50000000.0,2019.0,ATAPCO,,,,0.0,5665.0,0.0,,517.0,,149598.121829297,1666.59208309291
199,BLE,9,The Ellis,512 N College St,Complete,NEWC,MIXU,549,0.0,0.0,0.1,110000000.0,2019.0,Lennar,Yes,,,0.0,19585.0,0.0,,,,136017.383428623,1565.23298904553
200,BLE,JWC,UNC Charlotte Marriott,9100 ROBERT D SNYDER RD,Complete,NEWC,HOS,0,0.0,226.0,0.0,0.0,2020.0,UNC Charlotte,Yes,,,0.0,0.0,0.0,,,,162094.123219294,1856.99565264787
201,BLE,MCC,CSL Plasma,8404 N Tryon St,Complete,ADR,OFF,0,0.0,0.0,0.1,0.0,2018.0,Peak Properties LLC,Yes,,,15894.0,0.0,15894.0,,95.0,,78339.0008814279,1423.95303712276
202,BLE,SUG,The Independent Picture House,4237 Raleigh Street,Complete,RENOA,ENT,0,0.0,0.0,0.25,0.0,,,,,,5121.0,28464.0,33585.0,,89.0,,128706.161043191,1395.29977659999
206,BLE,36,Mercury,609 E 36th St,Complete,NEWC,MTF,241,0.0,0.0,0.2,35000000.0,2016.0,Woodfield,Yes,,,0.0,0.0,0.0,,517.0,,140965.49459868,1702.06222528175
208,BL,BKV,Crescent Uptown,300 E Brooklyn Village Ave,Complete,NEWC,MIXU,450,0.0,0.0,0.1,162000000.0,2015.0,Crescent Communities,Yes,,,0.0,62000.0,62000.0,2015/06/07 00:00:00+00,1374.0,,182754.605482152,2048.2239008934
209,BL,BKV,Uptown Home2Suites Hotel,610 S CALDWELL ST,Complete,NEWC,MIXU,0,0.0,156.0,0.1,,2019.0,YELDA MANAGEMENT COMPANY,Yes,,,0.0,4200.0,4200.0,2019/10/14 00:00:00+00,1374.0,,25509.8075889321,654.546821310866
210,BL,BKV,D9 Brooklyn Village,650 E STONEWALL ST,Complete,NEWCR,RET,0,0.0,0.0,0.28,,2022.0,D9 Brewing,Yes,,,0.0,625.0,625.0,2022/04/01 00:00:00+00,,,5611.26042900357,314.405514406087
211,BL,BKV,White Lodging Hotel,601 S TRYON ST,Complete,NEWC,MIXU,0,0.0,381.0,0.12,,2021.0,Crescent Communities,Yes,,,0.0,36482.0,298724.0,2021/08/01 00:00:00+00,,,24810.0179216739,740.087898518279
212,BL,ARWW,Marlowe Place Apartments,1226 Bexton St,Complete,NEWC,MTF,245,,0.0,0.3,,2020.0,,Yes,,,0.0,0.0,0.0,2020/07/28 00:00:00+00,401.0,,643664.89048197,3444.84402511191
213,BL,EAWT,Lowes Tower,126 W. Worthington Ave,Complete,NEWC,MIXU,0,0.0,0.0,0.02,153000000.0,2022.0,,Yes,,,257102.0,21502.0,278604.0,,896.0,,55467.9171622979,1046.27761218682
214,BL,CAR,Spectrum South End,1120 S Tryon St,Complete,NEWC,MIXU,0,0.0,200.0,0.17,200000000.0,2022.0,The Spectrum Companies,Yes,,,580000.0,50000.0,684000.0,,1618.0,,211748.080378773,1859.40630960901
215,BL,CAR,1120 S Mint,1120 S Mint St,Complete,NEWC,TWHM,31,0.0,0.0,0.44,7500000.0,2020.0,,Yes,,,0.0,0.0,0.0,,,,44517.730758383,1024.72399652617
218,BL,CAR,1300 S Church,1300 S Church St,Complete,RENOA,OFF,0,0.0,0.0,0.42,,2020.0,Corrum Capital,Yes,,,5885.0,0.0,5885.0,,9.0,,14508.4011188498,486.011032272212
225,BL,EAWT,DCC Parking Deck,1916 DOGGETT ST,Complete,NEWC,PKD,0,0.0,0.0,0.2,11000000.0,2017.0,RAM Real Estate,Yes,,,0.0,0.0,123066.0,,167.0,,46304.9271433355,931.636012117156
226,BL,EAWT,Hawkins Tower,240 DOGGETT ST,Complete,NEWC,MIXU,71,0.0,0.0,0.2,20000000.0,2021.0,RAM Real Estate,Yes,,,0.0,5850.0,5850.0,,167.0,,15957.7549123413,508.62891349399
227,BL,EAWT,The Puttery,210 RAMPART ST,Complete,ADR,RET,0,0.0,0.0,0.39,,2021.0,Drive Shack,Yes,,,0.0,15032.0,15032.0,,,,37492.0297009555,865.551176436636
230,BL,EAWT,Hawkins & Rampart,2202-2232 Hawkins St.,Complete,RENOA,MIXU,0,0.0,0.0,0.42,2114750.0,2022.0,,Yes,,,,42995.0,42995.0,,75.0,,108695.482649284,1615.39974994622
231,BL,EAWT,Skiptown,222 RAMPART ST,Complete,ADR,OFF,0,0.0,0.0,0.4,,2022.0,,Yes,,,24105.0,0.0,24105.0,,8.0,,43768.5872910826,849.6177965803
232,BL,I485S,Carolina Pavillion Outparcel,9813 South Bv,Complete,NEWC,RET,0,0.0,0.0,0.43,3200000.0,2006.0,,Yes,,,0.0,15333.0,15333.0,,,,68010.4874085396,1096.74239345693
236,BL,NBN,Belton Townhomes,325 Belton St,Complete,NEWC,TWHM,72,0.0,0.0,0.5,14000000.0,2018.0,Pulte,Yes,,,0.0,0.0,0.0,,,,405714.06805344,4069.13224864178
238,BL,NBN,Long Animal Hospital,2523 South Blvd,Complete,NEWC,OFF,0,0.0,0.0,0.38,,2013.0,Killough Properties LLC,Yes,,,31000.0,0.0,31000.0,,45.0,,37863.2817986026,778.827670950615
239,BL,NBN,Sedgefield Shopping Center,2701 SOUTH BV,Complete,NEWC,RET,0,0.0,0.0,0.35,,2017.0,Marsh Properties,Yes,,,0.0,65750.0,65750.0,,229.0,,204233.208133326,1850.69151664072
240,BL,NBN,Sedgefield MF - Parcel C,231 ELMHURST RD,Complete,NEWC,MTF,263,0.0,0.0,0.38,52000000.0,2019.0,Marsh Properties,Yes,,,0.0,0.0,0.0,,413.0,,182208.362631122,1786.77187563901
241,BL,NBN,Lenny Boy Brewing,3000 S Tryon St,Complete,RENOA,RET,0,0.0,0.0,0.25,,2017.0,,Yes,,,0.0,31000.0,31000.0,,,,99330.3963426936,1343.87191103231
242,BL,SCB,Novel LoSo,3551 DEWITT LN,Complete,NEWC,MTF,344,0.0,0.0,0.05,77000000.0,2022.0,Crescent Communities,Yes,,,0.0,0.0,0.0,,8.0,,168261.941504109,2015.23747492388
244,BLE,SUG,Tempus,3746 N. Davidson St.,Complete,ADR,OFF,0,0.0,0.0,0.2,702000.0,2021.0,Colliers,Yes,,,19825.0,0.0,19825.0,,74.0,,62497.8492669837,1016.88568768688
245,BL,SCB,Cama Street Apartments,200 Cama St.,Complete,NEWC,MTF,350,0.0,0.0,0.14,49300000.0,2020.0,Pollack Shores,Yes,,,0.0,0.0,0.0,,456.0,,197040.868441362,2337.15039936464
251,BL,WDL,Old Pineville Townhomes,4928 Old Pineville Rd.,Complete,NEWC,TWHM,106,0.0,0.0,0.18,21200000.0,2022.0,,Yes,,,0.0,0.0,0.0,,3.0,,225517.047994353,1898.66577618695
253,SL,11_,,1016 N. Davidson St.,Complete,,,0,,,,,,,,,,,,,,,,64156.2325191655,1054.20829928977
255,BL,EAWT,Tremont Square,400 W Tremont Ave,Complete,NEWC,TWHM,74,0.0,0.0,0.5,15700000.0,2020.0,,Yes,,,0.0,0.0,0.0,,158.0,,197500.109450967,1976.34848368254
256,BL,EAWT,Common Market Site,235 W Tremont Ave,Complete,ADR,RET,0,0.0,0.0,0.3,,2020.0,CAROLINA CAPITAL INVESTMENT PARTNERS,Yes,,,2385.0,18970.0,21355.0,,22.0,,28668.6208112236,683.727200507042
257,BL,EAWT,The Square at South End,200 WEST BV,Complete,NEWC,MIXU,120,0.0,0.0,0.17,75000000.0,2022.0,Beacon Partners,Yes,,,150000.0,25000.0,175000.0,,439.0,,83401.4455824123,1245.68776476467
258,BL,EAWT,Velvet Taco,210 Rampart St,Complete,ADR,RET,0,0.0,0.0,0.39,435380.0,2022.0,,Yes,,,0.0,3958.0,3958.0,,,,13152.3649400665,469.575280505899
259,BL,EAWT,East Blvd Townhomes,315 East Blvd,Complete,NEWC,TWHM,4,0.0,0.0,0.3,1500000.0,2022.0,,Yes,,,0.0,0.0,0.0,,4.0,,6052.30161886387,321.382083597183
261,BL,EAWT,Foundry Commercial/Three30Five,2027 S Tryon St,Complete,NEWC,MIXU,0,0.0,0.0,0.4,9000000.0,2019.0,,Yes,,,29210.0,31980.0,61190.0,,182.0,,103623.919129837,1616.03546081088
262,BL,EAWT,The Line,2151 Hawkins St,Complete,NEWC,MIXU,0,0.0,0.0,0.22,140000000.0,,Portman Holdings,Yes,,,275000.0,20000.0,295000.0,,740.0,,77546.9994224687,1236.79431007107
263,BL,EAWT,300 Rampart,300 Rampart St,Complete,ADR,RET,0,0.0,0.0,0.41,5185730.0,2022.0,,Yes,,,0.0,47143.0,47143.0,,42.0,,102339.952722376,1324.90067992281
264,BL,I485S,Blu on South,9725 China Grove Church Rd.,Complete,NEWC,TWHM,44,0.0,0.0,0.3,9875000.0,2020.0,,Yes,,,0.0,0.0,0.0,,,,221353.81996544,2400.66530815919
265,BL,I485S,Volkswagen of South Charlotte,9900 South Bv,Complete,NEWC,RET,0,0.0,0.0,0.3,4600000.0,2008.0,,Yes,,,0.0,15707.0,15707.0,,,,115464.215472817,1380.40677832093
266,BL,NBN,Bee Safe Storage,2625 S Tryon St,Complete,NEWC,RET,0,0.0,0.0,0.5,1000000.0,2021.0,,Yes,,,0.0,102000.0,102000.0,,24.0,,51167.6188464187,1028.10395514176
267,BL,NBN,Elliott Marketing Group,200 Foster Ave,Complete,RENOA,OFF,0,0.0,0.0,0.18,700000.0,2022.0,,Yes,,,6818.0,0.0,6818.0,,17.0,,22297.1662114829,612.289062952645
269,BL,NBN,Southpoint Phase 2,301 REMOUNT RD,Complete,NEWC,TWHM,31,0.0,0.0,0.4,6200000.0,2018.0,,Yes,,,0.0,0.0,0.0,,62.0,,78666.921575146,1134.9762063199
273,BL,SCB,Flex Commercial,3601 South Bv.,Complete,RENOA,RET,0,0.0,0.0,0.18,325000.0,2022.0,,Yes,,,0.0,6140.0,6140.0,,34.0,,11321.2853003529,579.538489557332
274,BL,BKV,Honeywell Tower,855 S Mint St,Complete,NEWC,MIXU,0,0.0,0.0,0.4,120000000.0,2020.0,Lincoln Harris,Yes,,,300000.0,10000.0,310000.0,,800.0,,52395.9967851649,1117.34201660252
275,BL,WDL,200 Woodlawn Apartments,200 E Woodlawn,Complete,NEWC,MTF,304,0.0,0.0,0.4,67000000.0,2022.0,West Plan,Yes,,,0.0,0.0,0.0,,,,320952.306697254,2367.36798358205
278,BL,TYV,Cunningham Recreation,5818 Old Pineville Rd.,Complete,NEWC,OFF,0,0.0,0.0,0.14,3300000.0,2020.0,Cunningham Recreation,Yes,,,6315.0,0.0,6315.0,,25.0,,52560.4828527337,935.537264914247
279,BL,TYV,Mission Properties,5800 Old Pineville Road,Complete,NEWC,OFF,0,0.0,0.0,0.13,3366600.0,2020.0,,Yes,,,18176.0,0.0,18176.0,,,,45690.0917010401,883.252052388938
280,BL,TYV,Establishment at Tyvola,1001 Tyvola Rd.,Complete,NEWC,,297,0.0,0.0,0.15,44500000.0,2022.0,,Yes,,,,,,,,,447180.421400033,2925.61085538541
283,BLE,36,Landings at NoDa,955 E 36th St,Complete,NEWC,TWHM,55,6.0,0.0,0.5,12200000.0,2022.0,Shea Homes,Yes,,,0.0,0.0,0.0,,,,153341.514545515,1713.4648098613
284,BLE,36,Spencer Towns,905 E 36TH ST,Complete,NEWC,TWHM,28,0.0,0.0,0.45,5300000.0,2019.0,Saussy Burbank,Yes,,,0.0,0.0,0.0,,,,63473.6990810615,1083.785618078
285,BLE,36,36th & McDowell Apartments,3300 McDowell St,Complete,NEWC,MTF,17,0.0,0.0,0.33,2500000.0,2010.0,Lat Purser,Yes,,,0.0,0.0,0.0,,,,16848.8868435843,594.597112198207
286,BLE,36,Noda Phase 2 - Retail Building,424 E 36th ST,Complete,NEWC,RET,0,0.0,0.0,0.01,5000000.0,2017.0,Crescent Communities,Yes,,,0.0,22780.0,22780.0,,451.0,,39302.9417146642,856.204878635497
292,BLE,MCC,The Pantry,7751 N Tryon St,Complete,NEWC,RET,0,0.0,0.0,0.47,1650000.0,2012.0,,Yes,,,0.0,5288.0,5288.0,,,,73414.7327611748,1234.79425875467
293,BL,9,Skyhouse,631 N TRYON ST,Complete,NEWC,MIXU,336,0.0,0.0,0.32,63000000.0,2015.0,Novare Group,Yes,,,0.0,8000.0,0.0,,,,75428.077517163,1114.67258765865
295,BLE,MCC,University Pointe Shopping Center,5700 University Pointe Blvd,Complete,NEWC,RET,0,0.0,0.0,0.34,,2012.0,,,,,0.0,236801.0,236801.0,,,,1150121.83176147,5916.09744244583
296,BLE,TMH,LIV Apartments,6810 N Tryon St,Complete,NEWC,MTF,268,0.0,0.0,0.18,60000000.0,2021.0,LIV Development,Yes,,,0.0,0.0,0.0,,364.0,,388408.76887436,3156.35196230177
298,BLE,OLDC,McDonald's Old Concord,5635 N. Tryon St.,Complete,NEWC,RET,0,0.0,0.0,0.35,1500000.0,2020.0,TDK INC,Yes,,,0.0,4907.0,4907.0,,29.0,,40122.1702865579,815.432165176565
300,BLE,OLDC,Library Support Services,103 EASTWAY DR,Complete,ADR,INS,0,0.0,0.0,0.4,,2021.0,Mecklenburg County,Yes,,,49142.0,0.0,49142.0,,,,152548.848933175,1565.90436999406
301,BLE,OLDC,Old Concord at the Blue Line,230 Norhchase Dr,Complete,NEWC,MTF,198,198.0,0.0,0.4,23265000.0,2020.0,NRP Group,Yes,,,0.0,0.0,0.0,,,,513452.478888235,4128.31141239361
303,BLE,OLDC,North Tryon Homes,5301 N. Tryon St,Complete,NEWC,MTF,181,181.0,0.0,0.4,26200000.0,2019.0,NORTH TRYON HOMES LLC,Yes,,,0.0,0.0,0.0,,,,266095.247639352,2058.09794801103
305,BLE,UVC,Sanctuary,309 W ROCKY RIVER RD,Complete,NEWC,MTF,205,0.0,0.0,0.45,40000000.0,2014.0,Sanctuary Management LLC,Yes,,,0.0,0.0,0.0,,,,993277.48625476,4031.05101736176
306,BLE,UVC,University Station Apartments,0 MACFARLANE BV,Complete,NEWC,MTF,309,0.0,0.0,0.33,69500000.0,2020.0,"UNIVERSITY CITY STATION NORTH, LLC",Yes,,,0.0,0.0,0.0,,1514.0,,299031.803150439,2933.39820565909
307,BLE,UVC,Top Golf University,8820 IKEA BV,Complete,NEWC,ENT,0,0.0,0.0,0.5,,2020.0,"Cambridge Properties,",Yes,,,,63185.0,63185.0,,458.0,,577428.775518936,3353.87867383665
308,BLE,UVC,Parks Chevrolet,8530 IKEA BV,Complete,NEWC,RET,0,0.0,0.0,0.25,,2016.0,,Yes,,,,34650.0,34650.0,,,,257254.542988817,2385.75450945896
309,BLE,UVC,Chipotle,7031 UNIVERSITY CITY BV,Complete,NEWC,RET,0,0.0,0.0,0.42,,2016.0,,Yes,,,0.0,4402.0,4402.0,,,,64350.5270223656,1041.11518137777
310,BLE,UVC,Mi Pueblo Restaurant,7003 UNIVERSITY CITY BV,Complete,NEWC,RET,0,0.0,0.0,0.44,,2018.0,,Yes,,,0.0,9119.0,9119.0,,,,67837.7298120607,1073.21771092269
311,BLE,UVC,Centennial University City,8235 Dave McKinney Av,Complete,NEWC,MTF,352,0.0,0.0,0.16,70400000.0,2020.0,,Yes,,,0.0,0.0,0.0,,,,755628.375378565,4666.96000966676
312,BLE,UVC,Oxford Gateway Apartments,7232 N Tryon St,Complete,NEWC,MTF,338,0.0,0.0,0.2,67600000.0,2018.0,McKinney Holdings,Yes,,,0.0,0.0,0.0,,,,548750.709621953,3710.16506179501
313,BLE,UVC,Belgate Parcel A3/4,6937 UNIVERSITY CITY BV,Complete,NEWC,RET,0,0.0,0.0,0.46,,2017.0,,Yes,,,0.0,16309.0,16309.0,,,,133821.053269303,1486.76527770746
314,BLE,UVC,Belgate restaurant,8328 IKEA BV ,Complete,NEWC,RET,0,0.0,0.0,0.43,,2019.0,,Yes,,,0.0,4723.0,4723.0,,,,55367.0679315506,944.487473908124
315,BLE,UVC,Woodspring Suites,7007 MACFARLANE BV,Complete,NEWC,HOS,0,0.0,122.0,0.4,,2020.0,,Yes,,,0.0,0.0,48712.0,,,,122836.241039553,1457.60613436842
316,BLE,UVC,Mosby University City,404 GALLOP LN,Complete,NEWC,MTF,309,0.0,0.0,0.3,61800000.0,2020.0,,Yes,,,0.0,0.0,0.0,,,,455136.776526763,4360.07638348931
317,GL,,Giddy Goat,1217 The Plaza ,Complete,RENOA,RET,0,0.0,0.0,0.5,,2018.0,,Yes,,,0.0,3879.0,3879.0,,26.0,,11900.4101954532,484.389573849451
318,GL,,1800 Central,1800 Central Av,Complete,NEWC,MIXU,0,0.0,0.0,0.1,9000000.0,2020.0,Boulevard Real Estate,Yes,,,18500.0,9000.0,27500.0,,48.0,,30390.0814916529,700.28294700281
319,GL,,Overton Row Plaza Midwood,1201 Central Av,Complete,NEWC,MTF,323,0.0,0.0,0.1,70000000.0,2018.0,,Yes,,,0.0,0.0,0.0,,,,185683.854542539,2091.09558813688
321,GL,,Resident Culture PM,2101 Central Av,Complete,ADR,RET,0,0.0,0.0,,1700000.0,2017.0,Resident Culture Brewing,Yes,,,0.0,14400.0,14400.0,,25.0,,42932.0104604219,842.826729146536
322,GL,,Supperland,1212 The Plaza,Complete,ADR,RET,0,0.0,0.0,,500000.0,2020.0,,Yes,,,0.0,7500.0,7500.0,,7.0,,13328.6142955063,513.264121098126
323,GL,,"ADULIS, LLC (Ph 3)",3717 Sharon Amity Rd.,Complete,NEWC,RET,0,0.0,0.0,0.0,1000000.0,2020.0,,Yes,,,0.0,5000.0,5000.0,,,,40039.7147335597,830.884481896707
324,GL,,Belmont Mills,1020 E 10th St,Complete,NEWC,MIXU,0,0.0,0.0,,10000000.0,2017.0,Pamlico Investments,Yes,,,,7885.0,120683.0,,,,61969.2639567433,1038.0564694397
325,GL,,Midwood Flats,2017 Central Av.,Complete,NEWC,MIXU,97,0.0,0.0,,,2019.0,DPJ Residential,Yes,,,0.0,5000.0,5000.0,,,,73821.5556716975,1224.27133178755
326,GL,,Devil's Logic Brewing,1426 E 4TH ST,Complete,ADR,RET,0,0.0,0.0,,1500000.0,2020.0,Axiom Brewing Company LLC,Yes,,,0.0,9760.0,9760.0,,,,10295.5933452322,511.571385165464
327,GL,,Caldwell Hearth,1615 E. 5th St.,Complete,ADD,INS,0,0.0,0.0,,3000000.0,2022.0,Caldwell Memorial Presbyterian Church,Yes,,,17418.0,,17418.0,,,,57564.6065809368,982.216784720165
328,GL,,Marvel Apartments,1925 Central Av.,Complete,NEWC,MIXU,36,0.0,0.0,,5000000.0,2016.0,Gateway Communities LLC,Yes,,,0.0,675.0,675.0,,37.0,,18086.5239323989,556.205165202986
329,GL,,McClintock Corners,2157 McClintock Rd.,Complete,NEWC,MTF,12,0.0,0.0,,2000000.0,2020.0,Levine Properties,Yes,,,0.0,0.0,0.0,,,,29251.2597464364,690.876025689486
330,GL,,McClintock and Nandina,2131 MCCLINTOCK RD,Complete,NEWC,TWHM,21,0.0,0.0,,4200000.0,2020.0,The Drakeford Company,Yes,,,0.0,0.0,0.0,,,,34415.8363337556,813.197896072429
331,GL,,Metro 808,808 Hawthorne Ln.,Complete,NEWC,MTF,237,0.0,0.0,,42257300.0,2011.0,Woodfield,Yes,,,0.0,0.0,0.0,,331.0,,112832.828150976,1354.646430475
332,,,,,Complete,RENOA,RET,0,0.0,0.0,,2000000.0,2021.0,TriBridge,Yes,,,0.0,10300.0,10300.0,,,,33311.150361757,727.07191261912
333,GL,,Refuge,1101 Central Av,Complete,ADR,HOS,0,0.0,5.0,0.0,5500000.0,2021.0,QUEEN CITY HOTEL INVESTORS LLC,Yes,,,0.0,0.0,4500.0,,,,14874.4600695863,501.384357865699
334,GL,,Townes on Central,1605 CHATHAM AV,Complete,NEWC,TWHM,12,0.0,0.0,,3000000.0,2021.0,,Yes,,,0.0,0.0,0.0,,20.0,,20796.6318513962,589.21161212294
335,GL,,The Oaks at Cherry,1604 Luther St.,Complete,NEWC,,22,22.0,0.0,,3500000.0,2017.0,,Yes,,,0.0,0.0,0.0,,,,44684.767813487,842.639411728849
336,GL,,Grandin Heights,131 Grandin Rd.,Complete,NEWC,TWHM,45,0.0,0.0,,6125000.0,2018.0,,Yes,,,0.0,0.0,0.0,,117.0,,110252.866783973,1396.81809425595
337,GL,,Blue Blaze Brewing,528 S TURNER AV,Complete,ADR,RET,0,0.0,0.0,,,2019.0,Argos Real Estate Advisors,Yes,,,0.0,8644.0,8644.0,,314.0,,9052.78341209835,391.539525681816
338,GL,,Uptown West Terraces,200 Wesley Heights Way,Complete,NEWC,TWHM,74,0.0,0.0,,14000000.0,2019.0,,Yes,,,0.0,0.0,0.0,,172.0,,185346.870093407,2030.36049802887
339,GL,,McShane Partners,2150 Park Dr.,Complete,NEWC,MIXU,1,0.0,0.0,,5000000.0,2022.0,McShane Partners,Yes,,,7200.0,0.0,7200.0,,8.0,,9427.41181040603,441.267676261947
340,GL,,Elizabeth Square,730 Hawthorne Ln,Complete,NEWC,MTF,267,0.0,0.0,,50000000.0,2008.0,,Yes,,,0.0,0.0,0.0,,,,146207.129199162,1517.61456209256
341,GL,,Metropolitan Townes,1433 Luther St,Complete,NEWC,TWHM,4,0.0,0.0,,2000000.0,2018.0,,Yes,,,0.0,0.0,0.0,,,,6536.38828660874,328.943934917334
342,GL,,Tall Oaks Redevelopment - Site A,1415 Luther St,Complete,NEWC,MTF,36,36.0,0.0,,,2016.0,Charlotte Housing Authority,Yes,,,0.0,0.0,0.0,,,,79745.7532207179,1278.7616156893
343,GL,,One305 Apartments Ph2,1117 CLEMENT AV,Complete,NEWC,MTF,35,0.0,0.0,,7500000.0,2016.0,TriBridge,Yes,,,0.0,0.0,0.0,,417.0,,32293.031598167,732.006713363199
344,GL,,Plaza 25,1114 Clement Av.,Complete,NEWC,MTF,25,0.0,0.0,,3000000.0,2014.0,,Yes,,,0.0,0.0,0.0,,,,34893.5469980286,792.58124668419
345,GL,,The Nook,1421 Central Av,Complete,NEWC,MIXU,24,0.0,0.0,,2500000.0,2015.0,,Yes,,,0.0,800.0,800.0,,25.0,,18564.170324974,566.891739400756
346,GL,,Grandin Heights 2,137 Grandin Rd.,Complete,RENOA,MTF,4,0.0,0.0,,450000.0,2019.0,,Yes,,,0.0,0.0,0.0,,,,5974.29264557484,307.099627098426
347,GL,,LaSalle Crossing,2023 Beatties Ford Rd.,Complete,RENOA,RET,0,0.0,0.0,,1500000.0,2021.0,E-FIX DEVELOPMENT CO LLC,Yes,,,0.0,6500.0,6500.0,,24.0,,34992.4988427495,941.175120293712
348,GL,,Urban Hive,131 S BRUNS AV,Complete,NEWC,TWHM,22,0.0,0.0,,4500000.0,2020.0,Verde Homes,Yes,,,0.0,0.0,0.0,,,,94580.6606144532,1589.15195690908
350,GL,,Gateway West,902 4TH ST,Complete,NEWC,MIXU,280,0.0,0.0,,58000000.0,2014.0,,Yes,,,0.0,10914.0,10914.0,,359.0,,121466.606707665,1587.17575334865
383,SL,GAL,Proximity Matthews,10252 Monroe Rd.,Complete,NEWC,MTF,250,,,0.1,43750.0,2019.0,The Development Group,,,,,,,,,,942647.548402587,4040.84908228386
392,BL,SCB,Cline Design,220 Peterson Dr.,Complete,ADR,OFF,0,,,0.35,1984000.0,2022.0,Cline Design,Yes,,,9450.0,,9450.0,2023/03/23 20:22:00+00,28.0,,28886.0987792459,740.102612381919
393,BL,SCB,BIN Scaleybark,3530 Dewitt Ln.,Complete,ADR,RET,0,,,0.27,1800000.0,2022.0,BIN Scaleybark,Yes,,,,9000.0,9000.0,,15.0,,21476.4660296921,606.357001627938
442,GL,GLP2,Trade Street Townhomes,1919 W. Trade St.,Complete,NEWC,TWHM,7,,,0.2,3000000.0,2023.0,Kevin Devin,,,,,,,,7.0,,11515.1666630737,525.202129978219
